Afghanistan,31-05-2020,38460,15205,39.5
Albania,09-06-2020,16716,1299,7.8
Algeria,20-06-2020,22467,11631,51.8
Argentina,28-06-2020,329036,55343,17.1
Armenia,24-05-2020,50397,6661,13.2
Australia,12-07-2020,3075488,9796,0.32
Austria,11-07-2020,691709,18704,2.7
Azerbaijan,31-05-2020,298648,5494,1.8
Bahrain,21-06-2020,477788,21764,4.6
Bangladesh,02-07-2020,805697,153277,19
Barbados,05-07-2020,8251,98,1.2
Belarus,07-07-2020,1078267,64003,5.9
Belgium,23-05-2020,768706,56810,7.4
Bhutan,05-06-2020,18821,48,0.13
Bolivia,20-06-2020,56964,23512,41.3
Bosnia and Herzegovina,09-07-2020,106214,6086,5.7
Brazil,09-07-2020,4887188,1759103,36
Bulgaria,24-05-2020,74096,2427,3.3
Burkina Faso,21-05-2020,6642,814,12.3
Cameroon,10-05-2020,10268,2579,25.1
Canada,26-06-2020,2598243,102794,4
Chile,05-07-2020,1181884,295532,25
China,22-06-2020,90410000,90083,0.09
Colombia,06-07-2020,881190,120281,13.6
Costa Rica,21-06-2020,35369,2213,6.3
Croatia,12-07-2020,93571,3722,4
Cuba,21-06-2020,151164,2312,1.5
Cyprus[c],23-05-2020,99733,927,0.93
Czechia,11-07-2020,594454,13115,2.2
Denmark,22-06-2020,753812,12727,1.7
DR Congo,02-06-2020,9508,3195,33.6
Ecuador,20-06-2020,138880,50183,36.1
Egypt,02-06-2020,141002,26384,18.7
El Salvador,21-06-2020,140429,4626,3.3
Estonia,08-06-2020,90621,1940,2.1
Ethiopia,23-06-2020,223341,4848,2.17
Finland,19-06-2020,229843,7142,3.1
France[d],07-07-2020,2756843,168810,6.1
Germany,08-07-2020,6376054,198765,3.1
Ghana,07-05-2020,137924,3091,2.2
Greece,10-05-2020,98877,4015,4.1
Grenada,18-06-2020,5465,23,0.42
Guinea,06-05-2020,7369,1856,25.2
Hungary,08-06-2020,210749,4014,1.9
Iceland,21-06-2020,69190,1823,2.6
India,13-07-2020,11806256,878254,7.4
Indonesia,10-07-2020,1015678,72347,7.1
Iran,05-06-2020,1040289,167156,16.1
Iraq,07-05-2020,120604,2543,2.1
Ireland,11-07-2020,500578,25611,5.1
Israel,12-07-2020,1268489,38213,3
Italy,12-07-2020,5938811,243061,4.1
Ivory Coast,25-05-2020,18303,2423,13.2
Jamaica,12-05-2020,7465,507,6.8
Japan,17-06-2020,599339,17382,2.9
Kazakhstan,31-05-2020,812881,10858,1.3
Kenya,10-05-2020,32097,672,2.1
Kosovo,09-06-2020,17199,1269,7.4
Kyrgyzstan,05-05-2020,58030,843,1.5
Latvia,09-07-2020,163769,1154,0.7
Lebanon,12-05-2020,53269,870,1.6
Libya,02-06-2020,6871,156,2.3
Lithuania,03-07-2020,436679,1828,0.42
Luxembourg,09-07-2020,255709,4719,1.8
Madagascar,02-06-2020,11311,826,7.3
Malawi,21-06-2020,10880,749,6.9
Malaysia,16-06-2020,659632,8505,1.3
Maldives,22-05-2020,17174,1274,7.4
Malta,05-07-2020,101937,672,0.66
Mauritius,02-06-2020,120358,335,0.28
Mexico,28-06-2020,483953,212802,44
Montenegro,05-05-2020,8534,324,3.8
Morocco,02-06-2020,221154,7859,3.6
Mozambique,05-07-2020,33125,987,3
Myanmar,31-05-2020,84473,313,0.37
Nepal,24-06-2020,457950,10099,2.2
Netherlands,30-06-2020,616376,50273,8.2
New Zealand,19-06-2020,335167,1159,0.35
Nigeria,07-06-2020,76802,12486,16.3
North Korea,19-06-2020,922,0,0
North Macedonia,01-06-2020,30302,2315,7.6
Northern Cyprus[e],30-05-2020,31346,108,0.34
Norway,03-07-2020,348208,8895,2.6
Oman,01-07-2020,194945,41194,21.1
Pakistan,02-07-2020,1350773,221896,16.4
Palestine,08-07-2020,122555,5092,4.2
Panama,05-07-2020,144918,38149,26.3
Paraguay,19-06-2020,54278,1336,2.5
Peru,12-07-2020,1925231,326326,16.9
Philippines,09-07-2020,935763,51754,5.5
Poland,01-06-2020,931520,23987,2.6
Portugal,02-07-2020,1205593,42782,3.5
Qatar,26-06-2020,341914,92784,27.1
Romania,28-05-2020,410000,18791,4.6
Russia,11-07-2020,23031056,727162,3.2
Rwanda,21-06-2020,111257,728,0.65
Saint Lucia,06-07-2020,1897,22,1.2
Saudi Arabia,09-06-2020,976815,105283,10.8
Senegal,11-05-2020,22481,1886,8.4
Serbia,03-07-2020,426981,15504,3.6
Singapore,29-06-2020,757746,43661,5.8
Slovakia,08-07-2020,221494,1798,0.81
Slovenia,07-06-2020,84684,1495,1.8
South Africa,11-07-2020,2108570,264184,12.5
South Korea,28-06-2020,1232690,12715,1
Spain,02-07-2020,5734599,251789,4.4
Sri Lanka,16-06-2020,90010,1915,2.1
Sudan,02-06-2020,7825,5173,66.1
Sweden,17-06-2020,382804,52189,13.6
Switzerland[f],16-06-2020,465722,31146,6.7
Taiwan[g],10-07-2020,78212,449,0.57
Tanzania,06-06-2020,2680,509,19
Thailand,07-05-2020,89791,2992,3.3
Trinidad and Tobago,29-06-2020,4969,126,2.3
Tunisia,02-06-2020,52874,1086,2.1
Turkey,12-07-2020,3975455,212993,5.4
Uganda,21-06-2020,166917,770,0.46
Ukraine,01-07-2020,666147,44998,6.8
United Arab Emirates,23-06-2020,3055566,45683,1.5
United Kingdom,11-07-2020,9036673,289603,3.2
United States,12-07-2020,40282536,3292329,8.2
Uruguay,19-06-2020,56234,853,1.5
Uzbekistan,07-05-2020,371000,2298,0.62
Venezuela,20-06-2020,1129176,3790,0.34
Vietnam,15-06-2020,261004,334,0.13
Zimbabwe,21-06-2020,55709,463,0.83
Afghanistan,31-05-2020,38460,15205,39.5
Albania,30-05-2020,14269,1099,7.7
Algeria,02-06-2020,18928,9513,50.3
Argentina,23-05-2020,189278,21037,11.1
Armenia,24-05-2020,50397,6661,13.2
Australia,07-06-2020,1617462,7260,0.45
Austria,08-06-2020,494761,16883,3.4
Azerbaijan,31-05-2020,298648,5494,1.8
Bahrain,23-05-2020,276552,8802,3.2
Bangladesh,24-05-2020,243636,33610,13.8
Barbados,23-05-2020,4664,92,2
Belarus,02-06-2020,562945,44255,7.9
Belgium,23-05-2020,768706,56810,7.4
Bhutan,05-06-2020,18821,48,0.13
Bolivia,23-05-2020,21205,5915,27.9
Bosnia and Herzegovina,02-06-2020,66722,2535,3.8
Brazil,05-06-2020,10697205,643766,6
Bulgaria,24-05-2020,74096,2427,3.3
Burkina Faso,21-05-2020,6642,814,12.3
Cameroon,10-05-2020,10268,2579,25.1
Canada,08-06-2020,1930141,96244,5
Chile,07-06-2020,708773,134150,18.9
Colombia,21-05-2020,222210,18330,8.2
Costa Rica,23-05-2020,22910,918,4
Croatia,24-05-2020,61482,2244,3.6
Cuba,22-05-2020,92629,1931,2.1
Cyprus[c],23-05-2020,99733,927,0.93
Czechia,08-06-2020,471521,9628,2
Denmark,29-05-2020,516141,11793,2.3
DR Congo,02-06-2020,9508,3195,33.6
Ecuador,06-05-2020,81392,29420,36.1
Egypt,02-06-2020,141002,26384,18.7
El Salvador,05-06-2020,104060,2934,2.8
Estonia,08-06-2020,90621,1940,2.1
Ethiopia,26-05-2020,87264,701,0.8
Finland,20-05-2020,160177,6493,4.1
France[d],02-06-2020,1493333,142843,9.6
Germany,02-06-2020,4348880,184091,4.2
Ghana,07-05-2020,137924,3091,2.2
Greece,10-05-2020,98877,4015,4.1
Grenada,05-05-2020,1781,21,10.3
Guinea,06-05-2020,7369,1856,25.2
Hungary,08-06-2020,210749,4014,1.9
Iceland,25-05-2020,58856,1804,3.1
India,09-06-2020,4916116,266598,5.4
Indonesia,03-06-2020,246433,28233,26
Iran,05-06-2020,1040289,167156,16.1
Iraq,07-05-2020,120604,2543,2.1
Ireland,01-06-2020,348416,25066,7.2
Israel,08-06-2020,662916,17915,2.7
Italy,07-06-2020,4236535,234998,5.5
Ivory Coast,25-05-2020,18303,2423,13.2
Jamaica,12-05-2020,7465,507,6.8
Japan,29-05-2020,471829,16719,3.5
Kazakhstan,31-05-2020,812881,10858,1.3
Kenya,10-05-2020,32097,672,2.1
Kosovo,29-05-2020,14635,1064,7.3
Kyrgyzstan,05-05-2020,58030,843,1.5
Latvia,08-06-2020,118322,1088,0.92
Lebanon,12-05-2020,53269,870,1.6
Libya,02-06-2020,6871,156,2.3
Lithuania,08-06-2020,335686,1720,0.51
Luxembourg,07-06-2020,88051,4039,4.6
Madagascar,02-06-2020,11311,826,7.3
Malawi,05-05-2020,961,41,4.3
Malaysia,01-06-2020,560738,7857,1.4
Maldives,22-05-2020,17174,1274,7.4
Malta,27-05-2020,64334,612,0.95
Mauritius,02-06-2020,120358,335,0.28
Mexico,30-05-2020,231998,87512,37.7
Montenegro,05-05-2020,8534,324,3.8
Morocco,02-06-2020,221154,7859,3.6
Mozambique,10-05-2020,3923,91,2.3
Myanmar,31-05-2020,24710,224,0.91
Nepal,04-06-2020,200646,2300,1.1
Netherlands,03-06-2020,378912,46942,12.4
New Zealand,26-05-2020,267435,1154,0.43
Nigeria,07-06-2020,76802,12486,16.3
North Korea,17-04-2020,740,0,0
North Macedonia,01-06-2020,30302,2315,7.6
Northern Cyprus[e],30-05-2020,31346,108,0.34
Norway,20-05-2020,223045,8268,3.7
Oman,31-05-2020,100000,11437,11.4
Pakistan,08-06-2020,730453,108317,14.8
Palestine,07-05-2020,34511,547,1.6
Panama,06-05-2020,38014,7731,20.3
Paraguay,07-05-2020,13096,462,3.5
Peru,08-06-2020,1203985,199696,16.6
Philippines,07-06-2020,441396,21895,5
Poland,01-06-2020,931520,23987,2.6
Portugal,23-05-2020,689705,30471,4.4
Qatar,08-06-2020,259646,70158,27
Romania,28-05-2020,410000,18791,4.6
Russia,06-06-2020,12388968,458689,3.7
Rwanda,05-06-2020,74068,420,0.57
Saint Lucia,25-05-2020,898,18,2
Saudi Arabia,08-05-2020,418722,35432,8.5
Senegal,11-05-2020,22481,1886,8.4
Serbia,28-05-2020,233479,11300,4.8
Singapore,01-06-2020,408495,35292,8.6
Slovakia,08-06-2020,189415,1528,0.81
Slovenia,15-05-2020,70220,1465,2.1
South Africa,06-06-2020,850871,43434,5.1
South Korea,08-06-2020,993840,11814,1.2
Spain,28-05-2020,4063843,284986,7
Sri Lanka,24-05-2020,75239,1801,2.4
Sudan,02-06-2020,7825,5173,66.1
Sweden,02-06-2020,275500,38589,14
Switzerland[f],25-05-2020,372146,30746,8.3
Taiwan[g],09-06-2020,73601,443,0.6
Tanzania,06-06-2020,2680,509,19
Thailand,07-05-2020,89791,2992,3.3
Trinidad and Tobago,09-05-2020,2271,116,5.1
Tunisia,02-06-2020,52874,1086,2.1
Turkey,06-06-2020,2303258,169218,7.3
Uganda,15-05-2020,70117,203,0.29
Ukraine,23-05-2020,277712,20580,7.4
United Arab Emirates,07-06-2020,2502566,38808,1.6
United Kingdom,08-06-2020,5731576,287399,5
United States,08-06-2020,20615303,1952401,9.5
Uruguay,09-05-2020,39469,958,2.4
Uzbekistan,07-05-2020,371000,2298,0.62
Venezuela,25-05-2020,832526,1177,0.14
Vietnam,06-06-2020,261004,329,0.13
Zimbabwe,10-05-2020,8244,34,0.41
Afghanistan,31-05-2020,38460,15205,39.5
Albania,30-05-2020,14269,1099,7.7
Argentina,23-05-2020,125893,10649,8.5
Armenia,24-05-2020,50397,6661,13.2
Australia,30-05-2020,1430143,7185,0.5
Austria,31-05-2020,448534,16637,3.7
Azerbaijan,31-05-2020,298648,5494,1.8
Bahrain,23-05-2020,276552,8802,3.2
Bangladesh,24-05-2020,243636,33610,13.8
Barbados,23-05-2020,4664,92,2
Belarus,23-05-2020,434618,35244,8.1
Belgium,23-05-2020,768706,56810,7.4
Bhutan,23-05-2020,15293,24,0.16
Bolivia,23-05-2020,21205,5915,27.9
Bosnia and Herzegovina,31-05-2020,65220,2510,3.8
Brazil,28-05-2020,3129744,465166,14.9
Bulgaria,24-05-2020,74096,2427,3.3
Burkina Faso,21-05-2020,6642,814,12.3
Cameroon,10-05-2020,10268,2579,25.1
Canada,30-05-2020,1634277,90190,5.5
Chile,23-05-2020,457332,65393,14.3
Colombia,21-05-2020,222210,18330,8.2
Costa Rica,23-05-2020,22910,918,4
Croatia,24-05-2020,61482,2244,3.6
Cuba,22-05-2020,92629,1931,2.1
Cyprus[c],23-05-2020,99733,927,0.93
Czechia,29-05-2020,436372,9200,2.1
Denmark,29-05-2020,516141,11793,2.3
DR Congo,05-05-2020,2256,705,31.3
Ecuador,06-05-2020,81392,29420,36.1
Egypt,05-05-2020,90000,6813,7.6
El Salvador,04-05-2020,32030,587,1.8
Estonia,16-05-2020,68840,1770,2.6
Ethiopia,26-05-2020,87264,701,0.8
Finland,20-05-2020,160177,6493,4.1
France,03-05-2020,831174,132967,16
Germany,26-05-2020,3952971,179364,4.5
Ghana,07-05-2020,137924,3091,2.2
Greece,10-05-2020,98877,4015,4.1
Grenada,05-05-2020,1781,21,10.3
Guinea,06-05-2020,7369,1856,25.2
Hungary,30-05-2020,164619,3841,2.1
Iceland,25-05-2020,58856,1804,3.1
India,01-06-2020,3837207,190535,5
Indonesia,01-06-2020,223624,26473,24.4
Iran,31-05-2020,935894,151466,16.2
Iraq,07-05-2020,120604,2543,2.1
Ireland,25-05-2020,325795,24735,7.6
Israel,31-05-2020,568452,17024,3
Italy,31-05-2020,3878739,233019,6
Ivory Coast,25-05-2020,18303,2423,13.2
Jamaica,12-05-2020,7465,507,6.8
Japan,29-05-2020,471829,16719,3.5
Kazakhstan,31-05-2020,812881,10858,1.3
Kenya,10-05-2020,32097,672,2.1
Kosovo,29-05-2020,14635,1064,7.3
Kyrgyzstan,05-05-2020,58030,843,1.5
Latvia,22-05-2020,96366,1030,1
Lebanon,12-05-2020,53269,870,1.6
Lithuania,31-05-2020,302859,1675,0.55
Luxembourg,31-05-2020,75432,4018,5.3
Malawi,05-05-2020,961,41,4.3
Malaysia,28-05-2020,530501,7629,1.4
Maldives,22-05-2020,17174,1274,7.4
Malta,27-05-2020,64334,612,1
Mauritius,29-05-2020,114237,335,0.29
Mexico,30-05-2020,231998,87512,37.7
Montenegro,05-05-2020,8534,324,3.8
Morocco,11-05-2020,67741,6226,9.2
Mozambique,10-05-2020,3923,91,2.3
Myanmar,31-05-2020,24710,224,0.9
Nepal,30-05-2020,169632,1212,0.71
Netherlands,05-05-2020,306460,44447,14.5
New Zealand,26-05-2020,267435,1154,0.43
Nigeria,17-05-2020,33970,5621,16.5
North Korea,17-04-2020,740,0,0
North Macedonia,29-05-2020,27684,2129,7.7
Northern Cyprus[d],30-05-2020,31346,108,0.34
Norway,20-05-2020,223045,8268,3.7
Oman,20-05-2020,72000,5671,7.9
Pakistan,29-05-2020,532037,66457,12.5
Palestine,07-05-2020,34511,547,1.6
Panama,06-05-2020,38014,7731,20.3
Paraguay,07-05-2020,13096,462,3.5
Peru,31-05-2020,1058874,164476,15.5
Philippines,30-05-2020,347592,17224,5
Poland,22-05-2020,719571,20379,4
Portugal,23-05-2020,689705,30471,4.4
Qatar,30-05-2020,217988,55262,25.4
Romania,28-05-2020,410000,18791,4.6
Russia,30-05-2020,10643124,405843,3.8
Rwanda,07-05-2020,38834,271,0.7
Saint Lucia,25-05-2020,898,18,2
Saudi Arabia,08-05-2020,418722,35432,8.5
Senegal,11-05-2020,22481,1886,8.4
Serbia,28-05-2020,233479,11300,4.8
Singapore,25-05-2020,334691,31960,9.5
Slovakia,30-05-2020,172601,1521,0.88
Slovenia,15-05-2020,70220,1465,2.1
South Africa,31-05-2020,701883,21343,4.4
South Korea,31-05-2020,887528,11468,1.3
Spain,28-05-2020,4063843,284986,7
Sri Lanka,24-05-2020,53092,1094,2.1
Sudan,09-05-2020,1747,1164,66.6
Sweden,27-05-2020,238800,35088,14.7
Switzerland[e],25-05-2020,372146,30746,8.3
Taiwan[f],01-06-2020,72319,442,0.61
Tanzania,29-04-2020,652,480,73.6
Thailand,07-05-2020,89791,2992,3.3
Trinidad and Tobago,09-05-2020,2271,116,5.1
Tunisia,09-05-2020,32818,1032,3.1
Turkey,31-05-2020,2039194,163942,8
Uganda,15-05-2020,70117,203,0.29
Ukraine,23-05-2020,277712,20580,7.4
United Arab Emirates,22-05-2020,1924234,27892,1.4
United Kingdom,31-05-2020,4285738,274762,6.4
United States,30-05-2020,16495443,1759693,10.7
Uruguay,09-05-2020,39469,958,2.4
Uzbekistan,07-05-2020,371000,2298,0.62
Venezuela,25-05-2020,832526,1177,0.14
Vietnam,25-05-2020,261004,325,0.12
Zimbabwe,10-05-2020,8244,34,0.41
Albania,17-05-2020,12024,946,7.9
Argentina,12-05-2020,87547,6278,7.2
Armenia,14-05-2020,36016,3860,10.7
Australia,22-05-2020,1170682,7095,0.61
Austria,23-05-2020,396363,16403,4.1
Azerbaijan,14-05-2020,214291,2879,1.3
Bahrain,16-05-2020,230188,6747,2.9
Bangladesh,14-05-2020,151750,18863,12.4
Barbados,05-05-2020,2549,82,3.2
Belarus,21-05-2020,403236,33371,8.3
Belgium,10-05-2020,334255,53449,16
Bolivia,05-05-2020,8611,1681,19.5
Bosnia and Herzegovina,23-05-2020,58694,2391,4.1
Brazil,21-05-2020,3085216,291579,9.5
Bulgaria,14-05-2020,61711,2100,3.4
Burkina Faso,05-05-2020,1333,672,50.4
Cameroon,10-05-2020,10268,2579,25.1
Canada,22-05-2020,1405284,82480,5.9
Chile,15-05-2020,341347,39542,11.6
Colombia,21-05-2020,222210,18330,8.2
Costa Rica,02-05-2020,13632,733,5.4
Croatia,10-05-2020,44886,2187,4.9
Cuba,08-05-2020,65509,1754,2.7
Cyprus[c],16-05-2020,85301,914,1.1
Czechia,22-05-2020,379750,8754,2.3
Denmark,22-05-2020,444915,11428,2.6
DR Congo,05-05-2020,2256,705,31.3
Ecuador,06-05-2020,81392,29420,36.1
Egypt,05-05-2020,90000,6813,7.6
El Salvador,04-05-2020,32030,587,1.8
Estonia,16-05-2020,68840,1770,2.6
Ethiopia,20-05-2020,65760,389,0.59
Finland,20-05-2020,160177,6493,4.1
France,03-05-2020,831174,132967,16
Germany,19-05-2020,3595059,176007,4.9
Ghana,07-05-2020,137924,3091,2.2
Greece,10-05-2020,98877,4015,4.1
Grenada,05-05-2020,1781,21,10.3
Guinea,06-05-2020,7369,1856,25.2
Hungary,23-05-2020,159260,3713,2.3
Iceland,15-05-2020,56742,1802,3.2
India,23-05-2020,2834798,125101,4.4
Indonesia,16-05-2020,178602,17025,15.7
Iran,22-05-2020,763913,131652,17.2
Iraq,07-05-2020,120604,2543,2.1
Ireland,18-05-2020,295626,24251,8.2
Israel,20-05-2020,522982,16665,3.2
Italy,21-05-2020,3243398,228006,7
Ivory Coast,10-05-2020,11278,1700,15.1
Jamaica,12-05-2020,7465,507,6.8
Japan,21-05-2020,221397,16251,7.3
Kazakhstan,12-05-2020,422011,5279,1.3
Kenya,10-05-2020,32097,672,2.1
Kosovo,16-05-2020,11585,978,8.4
Kyrgyzstan,05-05-2020,58030,843,1.5
Latvia,22-05-2020,96366,1030,1
Lebanon,12-05-2020,53269,870,1.6
Lithuania,22-05-2020,259043,1604,0.62
Luxembourg,21-05-2020,64981,3980,6.1
Malawi,05-05-2020,961,41,4.3
Malaysia,23-05-2020,500469,7185,1.4
Malta,14-05-2020,45967,522,1.1
Mauritius,21-05-2020,98075,332,0.34
Mexico,11-05-2020,114125,36327,31.8
Montenegro,05-05-2020,8534,324,3.8
Morocco,11-05-2020,67741,6226,9.2
Mozambique,10-05-2020,3923,91,2.3
Myanmar,06-05-2020,9980,161,1.6
Nepal,22-05-2020,117465,487,0.41
Netherlands,05-05-2020,306460,44447,14.5
New Zealand,23-05-2020,255850,1154,0.45
Nigeria,17-05-2020,33970,5621,16.5
North Korea,17-04-2020,740,0,0
North Macedonia,05-05-2020,17544,1526,8.7
Northern Cyprus[d],13-05-2020,27633,108,0.39
Norway,20-05-2020,223045,8268,3.7
Pakistan,22-05-2020,460692,52437,12.2
Palestine,07-05-2020,34511,547,1.6
Panama,06-05-2020,38014,7731,20.3
Paraguay,07-05-2020,13096,462,3.5
Peru,22-05-2020,750526,111698,14.9
Philippines,22-05-2020,287294,13597,4.7
Poland,22-05-2020,719571,20379,4
Portugal,17-05-2020,618066,29036,4.7
Qatar,21-05-2020,175482,38651,22
Romania,23-05-2020,361566,17857,4.9
Russia,22-05-2020,8402747,335882,4
Rwanda,07-05-2020,38834,271,0.7
Saudi Arabia,08-05-2020,418722,35432,8.5
Senegal,11-05-2020,22481,1886,8.4
Serbia,10-05-2020,140592,10114,7.2
Singapore,18-05-2020,294414,28343,9.6
Slovakia,22-05-2020,156765,1504,1
Slovenia,15-05-2020,70220,1465,2.1
South Africa,17-05-2020,460873,15515,3.4
South Korea,22-05-2020,802418,11142,1.4
Spain,14-05-2020,3037840,230183,7.6
Sudan,09-05-2020,1747,1164,66.6
Sweden,13-05-2020,177200,27909,15.8
Switzerland[e],14-05-2020,328163,30463,9.3
Taiwan[f],23-05-2020,70526,441,0.63
Tanzania,29-04-2020,652,480,73.6
Thailand,07-05-2020,89791,2992,3.3
Trinidad and Tobago,09-05-2020,2271,116,5.1
Tunisia,09-05-2020,32818,1032,3.1
Turkey,20-05-2020,1696355,152587,9
Uganda,15-05-2020,70117,203,0.29
Ukraine,12-05-2020,187307,16023,8.6
United Arab Emirates,12-05-2020,1520958,19661,1.3
United Kingdom,22-05-2020,3231921,254195,7.9
United States,20-05-2020,14117870,1592723,11.3
Uruguay,09-05-2020,27461,702,2.6
Uzbekistan,07-05-2020,371000,2298,0.62
Venezuela,06-05-2020,495730,379,0.08
Vietnam,20-05-2020,261004,324,0.12
Zimbabwe,10-05-2020,8244,34,0.41
Albania,09-05-2020,10268,856,8.3
Argentina,06-05-2020,72315,5020,6.9
Armenia,05-05-2020,25846,2619,10.1
Australia,10-05-2020,827872,6941,0.84
Austria,11-05-2020,319484,15815,5
Azerbaijan,08-05-2020,181530,2279,1.3
Bahrain,10-05-2020,182906,4856,2.7
Bangladesh,05-05-2020,92722,10929,11.8
Barbados,05-05-2020,2549,82,3.2
Belarus,08-05-2020,240146,21101,8.8
Belgium,10-05-2020,334255,53449,16
Bolivia,05-05-2020,8611,1681,19.5
Bosnia and Herzegovina,11-05-2020,42318,2141,5.1
Brazil,06-05-2020,735224,125218,17
Bulgaria,09-05-2020,56105,1911,3.4
Burkina Faso,05-05-2020,1333,672,50.4
Cameroon,10-05-2020,10268,2579,25.1
Canada,10-05-2020,1096126,68848,6.3
Chile,10-05-2020,280684,28866,10.3
Colombia,10-05-2020,151396,11063,7.3
Costa Rica,02-05-2020,13632,733,5.4
Croatia,10-05-2020,44886,2187,4.9
Cuba,08-05-2020,65509,1754,2.7
Cyprus,10-05-2020,74746,892,1.2
Czechia,10-05-2020,306409,8123,2.7
Denmark,10-05-2020,327719,10627,3.2
DR Congo,05-05-2020,2256,705,31.3
Ecuador,06-05-2020,81392,29420,36.1
Egypt,05-05-2020,90000,6813,7.6
El Salvador,04-05-2020,32030,587,1.8
Estonia,11-05-2020,63964,1741,2.7
Ethiopia,07-05-2020,28360,187,0.66
Finland,10-05-2020,123218,5984,4.9
France,26-04-2020,724574,143940,19.7
Germany,04-05-2020,2755770,164807,6
Ghana,07-05-2020,137924,3091,2.2
Greece,10-05-2020,98877,4015,4.1
Grenada,05-05-2020,1781,21,10.3
Guinea,06-05-2020,7369,1856,25.2
Hungary,11-05-2020,112165,3284,2.9
Iceland,09-05-2020,53260,1801,3.4
India,11-05-2020,1673688,67152,4
Indonesia,10-05-2020,108699,13645,12.6
Iran,05-05-2020,519543,99970,19.2
Iraq,07-05-2020,120604,2543,2.1
Ireland,04-05-2020,214761,21983,10.2
Israel,11-05-2020,461704,16492,3.6
Italy,09-05-2020,2514234,218268,8.7
Ivory Coast,10-05-2020,11278,1700,15.1
Jamaica,03-05-2020,5633,469,8.3
Japan,11-05-2020,218204,15798,7.2
Kazakhstan,06-05-2020,336480,4298,1.3
Kenya,10-05-2020,32097,672,2.1
Kosovo,09-05-2020,9734,870,8.9
Kyrgyzstan,05-05-2020,58030,843,1.5
Latvia,10-05-2020,76592,939,1.2
Lebanon,08-05-2020,48673,796,1.6
Lithuania,11-05-2020,186565,1485,0.8
Luxembourg,10-05-2020,55250,3886,7
Malawi,05-05-2020,961,41,4.3
Malaysia,10-05-2020,256937,6656,2.6
Malta,10-05-2020,42619,496,1.2
Mexico,10-05-2020,110977,35022,31.6
Montenegro,05-05-2020,8534,324,3.8
Morocco,11-05-2020,67741,6226,9.2
Mozambique,10-05-2020,3923,91,2.3
Myanmar,06-05-2020,9980,161,1.6
Nepal,06-05-2020,67066,99,0.15
Netherlands,05-05-2020,243277,41319,17
New Zealand,10-05-2020,190326,1144,0.6
Nigeria,11-05-2020,23835,4399,18.5
North Korea,17-04-2020,740,0,0
North Macedonia,05-05-2020,17544,1526,8.7
Norway,11-05-2020,202751,8106,4
Pakistan,09-05-2020,283517,29465,10.4
Palestine,07-05-2020,34511,547,1.6
Panama,06-05-2020,38014,7731,20.3
Paraguay,07-05-2020,13096,462,3.5
Peru,10-05-2020,504930,67307,13.3
Philippines,10-05-2020,173144,10794,6.2
Poland,11-05-2020,491216,16206,3.3
Portugal,09-05-2020,517660,27406,5.3
Qatar,10-05-2020,127769,22520,17.6
Romania,06-05-2020,217139,14107,6.5
Russia,11-05-2020,5636763,221344,3.9
Rwanda,07-05-2020,38834,271,0.7
Saudi Arabia,08-05-2020,418722,35432,8.5
Senegal,09-05-2020,20217,1709,8.5
Serbia,10-05-2020,140592,10114,7.2
Singapore,04-05-2020,175604,18778,10.7
Slovakia,10-05-2020,119859,1457,1.2
Slovenia,08-05-2020,63571,1463,2.3
South Africa,09-05-2020,324079,9420,2.9
South Korea,08-05-2020,645996,10822,1.7
Spain,07-05-2020,2467761,222857,9
Sudan,09-05-2020,1747,1164,66.6
Sweden,03-05-2020,148423,22455,15.1
Switzerland[b],09-05-2020,306223,30251,9.9
Taiwan[c],12-05-2020,67758,440,0.65
Tanzania,29-04-2020,652,480,73.6
Thailand,07-05-2020,89791,2992,3.3
Trinidad and Tobago,09-05-2020,2271,116,5.1
Tunisia,09-05-2020,32818,1032,3.1
Turkey,11-05-2020,1403320,139771,10
Uganda,09-05-2020,56767,116,0.2
Ukraine,09-05-2020,167107,14710,8.8
United Arab Emirates,09-05-2020,1433195,17417,1.2
United Kingdom,11-05-2020,1921770,223060,11.6
United States,10-05-2020,8987524,1322807,14.7
Uruguay,09-05-2020,27461,702,2.6
Uzbekistan,07-05-2020,371000,2298,0.62
Venezuela,06-05-2020,495730,379,0.08
Vietnam,10-05-2020,261004,288,0.11
Zimbabwe,10-05-2020,8244,34,0.41
Albania,04-04-2020,2247,333,14.82
Argentina,03-04-2020,7385,1265,17.13
Armenia,03-04-2020,3994,736,18.43
Australia,04-04-2020,286786,5552,1.94
Australia:  ACT,04-04-2020,5328,93,1.75
Australia:  NSW,04-04-2020,117633,2493,2.12
Australia:  NT,04-04-2020,2646,26,0.98
Australia:  QLD,04-04-2020,56132,900,1.6
Australia:  SA,04-04-2020,32037,407,1.27
Australia:  TAS,04-04-2020,1800,82,4.56
Australia:  VIC,04-04-2020,54000,1115,2.06
Australia:  WA,04-04-2020,17251,436,2.53
Austria,04-04-2020,104134,11603,11.14
Azerbaijan,03-04-2020,30000,443,1.48
Bahrain,03-04-2020,37996,668,1.76
Bangladesh,03-04-2020,2086,61,2.92
Barbados,01-04-2020,382,45,11.78
Belarus,04-04-2020,32000,440,1.38
Belgium,18-03-2020,18360,1486,8.09
Bolivia,19-03-2020,591,97,16.41
Bosnia and Herzegovina,04-04-2020,5349,650,12.15
Brazil,02-04-2020,54824,7910,14.43
Canada,04-04-2020,317972,13912,4.38
Canada:  AB,04-04-2020,64108,1081,1.69
Canada:  BC,04-04-2020,48508,1203,2.48
Canada:  MB,03-04-2020,12514,194,1.55
Canada:  NB,02-04-2020,4520,91,2.01
Canada:  NL,30-03-2020,2333,135,5.79
Canada:  NT,30-03-2020,833,1,0.12
Canada:  NS,30-03-2020,5172,127,2.46
Canada:  ON,02-04-2020,66753,3255,4.88
Canada:  PE,30-03-2020,608,18,2.96
Canada:  QC,04-04-2020,90227,6997,7.75
Canada:  SK,03-04-2020,12112,220,1.82
Canada:  YT,30-03-2020,598,5,0.84
Chile,03-04-2020,44130,3737,8.47
China:  Guangdong,20-02-2020,320000,,
Colombia,04-04-2020,23706,1406,5.93
Costa Rica,31-03-2020,3845,347,9.02
Croatia,02-04-2020,8352,1011,12.1
Czechia,04-04-2020,74170,4362,5.88
Denmark,04-04-2020,45270,4268,9.43
Ecuador,03-04-2020,10317,3368,32.65
Egypt,25-03-2020,25000,865,3.46
Estonia,04-04-2020,19091,1018,5.33
Finland,04-04-2020,29000,1882,6.49
France,02-04-2020,224254,54627,24.36
Germany,29-03-2020,918460,64906,7.07
Greece,30-03-2020,15961,1212,7.59
Grenada,19-03-2020,18,0,0
Hong Kong,30-03-2020,90000,682,0.76
Hungary,04-04-2020,19424,678,3.49
Iceland,04-04-2020,23640,1417,5.99
India,04-04-2020,79950,3113,3.89
Indonesia,04-04-2020,7896,2092,26.49
Iran,22-03-2020,80000,21638,27.05
Ireland,30-03-2020,30213,3235,10.71
Israel,02-04-2020,90394,6901,7.63
Italy,04-04-2020,657224,124632,18.96
Italy:  Emilia-Romagna,04-04-2020,67075,16540,24.66
Italy:  Liguria,04-04-2020,14087,4203,29.84
Italy:  Lombardy,04-04-2020,141877,49118,34.62
Italy:  Marche,04-04-2020,14472,4341,30
Italy:  Piedmont,04-04-2020,37181,11709,31.49
Italy:  Tuscany,04-04-2020,47886,5671,11.84
Italy:  Veneto,04-04-2020,133289,10824,8.12
Jamaica,01-04-2020,442,44,9.95
Japan,04-04-2020,42882,2935,6.84
Japan:  Tokyo,03-04-2020,3806,773,20.31
Kazakhstan,13-03-2020,5093,,
Kosovo,04-04-2020,1871,140,7.48
Kyrgyzstan,31-03-2020,8186,107,1.31
Latvia,04-04-2020,19380,509,2.63
Lithuania,04-04-2020,21376,771,3.61
Malaysia,04-04-2020,49570,3483,7.03
Malta,27-03-2020,4462,139,3.12
Mexico,28-03-2020,9481,1049,11.06
Montenegro,04-04-2020,1456,201,13.8
Nepal,04-04-2020,1521,9,0.59
Netherlands,26-03-2020,46810,7705,16.46
New Zealand,05-04-2020,36209,872,2.41
North Macedonia,03-04-2020,4506,430,9.54
Norway,03-04-2020,101986,5208,5.11
Pakistan,04-04-2020,32930,2818,8.56
Palestine,16-03-2020,2519,,
Panama,01-04-2020,7333,1317,17.96
Peru,27-03-2020,12669,852,6.73
Philippines,04-04-2020,5530,3094,55.95
Poland,04-04-2020,72901,3503,4.81
Portugal,31-03-2020,52086,7443,14.29
Romania,04-04-2020,36092,3613,10.01
Russia,04-04-2020,639606,4731,0.74
Scotland,04-04-2020,20798,3345,16.08
Serbia,02-04-2020,5008,1171,23.38
Singapore,25-03-2020,39000,558,1.43
Slovakia,04-04-2020,13631,471,3.46
Slovenia,03-04-2020,27109,989,3.65
South Africa,03-04-2020,50361,1505,2.99
South Korea,05-04-2020,461233,10237,2.22
Spain,21-03-2020,355000,24926,7.02
Sweden,31-03-2020,36900,4435,12.02
Switzerland,04-04-2020,153440,20278,13.22
Taiwan,05-04-2020,36304,355,0.98
Thailand,03-04-2020,23669,1978,8.36
Trinidad and Tobago,01-04-2020,595,90,15.13
Turkey,04-04-2020,161380,23934,14.83
Ukraine,04-04-2020,5040,1096,21.75
United Arab Emirates,03-04-2020,220000,1024,0.47
United Kingdom,04-04-2020,183190,41903,22.87
United States (unofficial),04-04-2020,1654459,307280,18.57
United States:  CA,04-04-2020,126700,12026,9.49
United States:  FL,04-04-2020,,11545,
United States:  IL,04-04-2020,53581,10357,19.33
United States:  LA,04-04-2020,58498,12496,21.36
United States:  NY,04-04-2020,283621,113704,40.09
United States:  NJ,04-04-2020,75356,34124,45.28
United States:  MI,04-04-2020,40581,14225,35.05
United States:  TX,04-04-2020,63751,6110,9.58
United States:  WA,04-04-2020,87918,7591,8.63
Uruguay,24-03-2020,1538,189,12.29
Venezuela,31-03-2020,1779,143,8.04
Vietnam,04-04-2020,75458,239,0.32
Albania,08-04-2020,2989,400,13.38
Argentina,07-04-2020,10793,1628,15.08
Armenia,07-04-2020,4666,822,17.62
Australia,08-04-2020,319784,6024,1.88
Australian Capital Territory,08-04-2020,5778,99,1.71
New South Wales,08-04-2020,129091,2743,2.12
Northern Territory,08-04-2020,3062,28,0.91
Queensland,08-04-2020,63552,943,1.48
South Australia,08-04-2020,34593,420,1.21
Tasmania,08-04-2020,3612,107,2.96
Victoria,08-04-2020,60000,1212,2.02
Western Australia,08-04-2020,20096,481,2.39
Austria,08-04-2020,120755,12721,10.53
Azerbaijan,01-04-2020,40000,584,1.46
Bahrain,07-04-2020,37996,668,1.76
Bangladesh,08-04-2020,5164,218,4.22
Barbados,01-04-2020,382,45,11.78
Belarus,09-04-2020,49000,1486,3.03
Belgium,07-04-2020,84248,23403,27.78
Bolivia,19-03-2020,591,97,16.41
Bosnia and Herzegovina,07-04-2020,6894,837,12.14
Brazil,02-04-2020,54824,7910,14.43
Bulgaria,05-04-2020,15899,522,3.28
Canada,08-04-2020,370315,19290,5.21
Alberta,08-04-2020,68762,1423,2.07
British Columbia,08-04-2020,52412,1336,2.55
Manitoba,08-04-2020,14708,221,1.5
New Brunswick,08-04-2020,6549,103,1.57
Newfoundland and Labrador,08-04-2020,4149,232,5.59
Northwest Territories,08-04-2020,1299,5,0.38
Nova Scotia,08-04-2020,11688,342,2.93
Ontario,08-04-2020,84601,5276,6.24
Prince Edward Island,08-04-2020,1470,25,1.7
Quebec,08-04-2020,104526,9340,8.94
Saskatchewan,08-04-2020,15621,253,1.62
Yukon,08-04-2020,794,8,1.01
Chile,06-04-2020,54864,4815,8.78
Guangdong,20-02-2020,320000,1332,0.42
Hong Kong,31-03-2020,96709,714,0.74
Colombia,06-04-2020,27685,1579,5.7
Costa Rica,31-03-2020,3845,347,9.02
Croatia,07-04-2020,12322,1282,10.4
Czechia,07-04-2020,98681,5017,5.08
Denmark,08-04-2020,64002,5597,8.75
Ecuador,06-04-2020,13039,3747,28.74
Egypt,25-03-2020,25000,865,3.46
Estonia,08-04-2020,24813,1185,4.78
Finland,08-04-2020,36500,2487,6.81
France,02-04-2020,224254,54627,24.36
Germany,05-04-2020,1317887,100901,7.66
Greece,07-04-2020,15961,1212,7.59
Grenada,01-04-2020,37,10,27.03
Hungary,08-04-2020,25748,895,3.48
Iceland,08-04-2020,30947,1616,5.22
India,08-04-2020,127919,5114,4
Indonesia,07-04-2020,13186,2491,18.89
Iran,07-04-2020,211136,62589,29.64
Ireland,06-04-2020,42484,5593,13.16
Israel,06-04-2020,117339,8796,7.5
Italy,08-04-2020,807125,139422,17.27
Emilia-Romagna,08-04-2020,78367,18234,23.27
Liguria,08-04-2020,17521,4906,28
Lombardy,08-04-2020,167557,53414,31.88
Marche,08-04-2020,17532,4859,27.72
Piedmont,08-04-2020,48495,13883,28.63
Tuscany,08-04-2020,60985,6379,10.46
Veneto,08-04-2020,163247,12410,7.6
Jamaica,01-04-2020,442,44,9.95
Japan,08-04-2020,61498,4257,6.92
Tokyo,06-04-2020,4484,1116,24.89
Kazakhstan,07-04-2020,29232,670,2.29
Kosovo,08-04-2020,2570,224,8.72
Kyrgyzstan,31-03-2020,8186,107,1.31
Latvia,08-04-2020,24036,577,2.4
Lithuania,09-04-2020,32809,955,2.91
Malaysia,06-04-2020,55566,3793,6.83
Malta,27-03-2020,4462,139,3.12
Mexico,04-04-2020,17184,1890,11
Montenegro,09-04-2020,2436,252,10.34
Nepal,08-04-2020,2366,9,0.38
Netherlands,06-04-2020,75415,15885,21.06
New Zealand,09-04-2020,51165,992,1.94
North Korea,02-04-2020,709,0,0
North Macedonia,07-04-2020,6230,617,9.9
Norway,06-04-2020,113896,5863,5.15
Pakistan,07-04-2020,42159,4079,9.68
Palestine,27-03-2020,5562,91,1.64
Panama,01-04-2020,7333,1317,17.96
Peru,27-03-2020,12669,852,6.73
Philippines,07-04-2020,24500,3660,14.94
Poland,08-04-2020,99284,5000,5.04
Portugal,08-04-2020,131127,13141,10.02
Romania,07-04-2020,43578,4417,10.14
Russia,08-04-2020,1000000,10131,1.01
Moscow Oblast,09-04-2020,50981,549,1.08
Serbia,07-04-2020,9626,2447,25.42
Singapore,06-04-2020,65000,1309,2.01
Slovakia,05-04-2020,16191,534,3.3
Slovenia,07-04-2020,30669,1103,3.6
South Africa,04-04-2020,53937,1585,2.94
South Korea,07-04-2020,477304,10331,2.16
Spain,21-03-2020,355000,24926,7.02
Sweden,07-04-2020,54700,7206,13.17
Switzerland,07-04-2020,167429,22242,13.28
Taiwan,09-04-2020,42315,380,0.9
Thailand,03-04-2020,23669,1978,8.36
Trinidad and Tobago,01-04-2020,595,90,15.13
Turkey,08-04-2020,247768,38226,15.43
Ukraine,09-04-2020,7901,1892,23.95
United Arab Emirates,08-04-2020,593095,2659,0.45
United Kingdom,08-04-2020,232708,60773,26.12
Scotland,08-04-2020,26226,4565,17.41
United States,08-04-2020,2239223,426222,19.03
California,08-04-2020,158864,16957,10.67
Florida,08-04-2020,144570,15456,10.69
Illinois,08-04-2020,75066,15078,20.09
Louisiana,08-04-2020,81406,17030,20.92
Michigan,08-04-2020,62568,20346,32.52
New Jersey,08-04-2020,100416,47437,47.24
New York,08-04-2020,365153,149316,40.89
Texas,08-04-2020,96258,9353,9.72
Washington,04-04-2020,87918,7591,8.63
Uruguay,24-03-2020,1538,189,12.29
Venezuela,31-03-2020,1779,143,8.04
Vietnam,07-04-2020,110124,251,0.23
Albania,02-05-2020,8669,789,9.1
Argentina,29-04-2020,56058,4285,7.64
Armenia,30-04-2020,21125,2066,9.78
Australia,04-05-2020,664756,6849,1.03
Austria,05-05-2020,285883,15569,5.45
Azerbaijan,30-04-2020,143079,1804,1.26
Bahrain,04-05-2020,149586,3533,2.36
Bangladesh,29-04-2020,59701,7103,11.9
Barbados,26-04-2020,1663,79,4.75
Belarus,27-04-2020,153800,11289,7.34
Belgium,03-05-2020,270857,50267,18.56
Bolivia,25-04-2020,5572,866,15.54
Bosnia and Herzegovina,05-05-2020,35296,1946,5.51
Brazil,20-04-2020,132467,40581,30.63
Bulgaria,05-05-2020,50303,1689,3.36
Burkina Faso,05-05-2020,1333,672,50.41
Cameroon,05-05-2020,9254,2104,22.74
Canada,04-05-2020,918069,60772,6.62
Chile,02-05-2020,199400,18435,9.25
Colombia,01-05-2020,108950,7006,6.43
Costa Rica,02-05-2020,13632,733,5.38
Croatia,04-05-2020,39040,2101,5.38
Cuba,03-05-2020,55542,1668,3
Cyprus,05-05-2020,65725,874,1.33
Czechia,04-05-2020,269093,7841,2.91
Denmark,05-05-2020,267098,10019,3.75
DR Congo,05-05-2020,2256,705,31.25
Ecuador,30-04-2020,69054,24934,36.11
Egypt,05-05-2020,90000,6813,7.57
El Salvador,04-05-2020,32030,587,1.83
Estonia,05-05-2020,57423,1711,2.98
Finland,03-05-2020,103445,5327,5.15
France,21-04-2020,595154,117324,19.71
Germany,27-04-2020,2547052,157641,6.19
Ghana,28-04-2020,113497,2074,1.83
Greece,01-05-2020,77251,3746,4.85
Grenada,25-04-2020,175,18,10.29
Guinea,29-04-2020,6207,1495,24.09
Hungary,05-05-2020,85557,3065,3.58
Iceland,04-05-2020,50477,1799,3.56
India,05-05-2020,1191946,46433,3.9
Indonesia,05-05-2020,88924,12071,13.57
Iran,27-04-2020,432329,91472,21.16
Ireland,04-05-2020,214761,21983,10.24
Israel,05-05-2020,414349,16268,3.93
Italy,03-05-2020,2153772,210717,9.78
Ivory Coast,05-05-2020,8292,1432,17.27
Jamaica,26-04-2020,3262,350,10.73
Japan,02-05-2020,181527,14544,8.01
Kazakhstan,02-05-2020,282862,3857,1.36
Kenya,05-05-2020,24997,490,1.96
Kosovo,04-05-2020,8541,855,10.01
Kyrgyzstan,05-05-2020,58030,843,1.45
Latvia,05-05-2020,66150,896,1.35
Lithuania,05-05-2020,149106,1423,0.95
Luxembourg,04-05-2020,48339,3828,7.92
Malawi,04-05-2020,915,41,4.48
Malaysia,04-05-2020,205598,6353,3.09
Malta,04-05-2020,35727,480,1.34
Mexico,01-05-2020,75742,20739,27.38
Montenegro,25-04-2020,6665,319,4.79
Morocco,30-04-2020,34841,4423,12.69
Mozambique,01-05-2020,2246,79,3.52
Myanmar,02-05-2020,8460,151,1.78
Nepal,04-05-2020,64485,75,0.12
Netherlands,02-05-2020,225889,40236,17.81
New Zealand,03-05-2020,150223,1136,0.76
Nigeria,05-05-2020,18536,2802,15.12
North Korea,17-04-2020,740,0,0
North Macedonia,30-04-2020,16436,1465,8.91
Norway,04-05-2020,189657,7903,4.17
Pakistan,04-05-2020,222404,21501,9.67
Palestine,24-04-2020,27800,484,1.74
Panama,25-04-2020,24304,5338,21.96
Peru,04-05-2020,385492,47372,12.29
Philippines,04-05-2020,132689,9485,7.15
Poland,01-05-2020,354628,13105,3.7
Portugal,02-05-2020,426836,25190,5.9
Qatar,04-05-2020,106795,16191,15.16
Romania,04-05-2020,199068,13512,6.79
Russia,04-05-2020,4460357,155370,3.48
Serbia,03-05-2020,101911,9464,9.29
Singapore,27-04-2020,99929,14423,14.43
Slovakia,01-05-2020,96177,1407,1.46
Slovenia,01-05-2020,56353,1439,2.55
South Africa,30-04-2020,207530,5647,2.72
South Korea,03-05-2020,622385,10793,1.73
Spain,27-04-2020,1345560,229422,17.05
Sweden,28-04-2020,119200,20133,16.89
Switzerland,03-05-2020,280220,29905,10.67
Taiwan[a],06-05-2020,65589,438,0.67
Tanzania,29-04-2020,652,480,73.62
Thailand,02-05-2020,72745,2966,4.08
Trinidad and Tobago,27-04-2020,1532,116,7.57
Tunisia,29-04-2020,22957,994,4.33
Turkey,05-05-2020,1204421,129491,10.75
Uganda,28-04-2020,27432,79,0.29
Ukraine,04-05-2020,134592,12331,9.16
United Arab Emirates,02-05-2020,1200000,14163,1.18
United Kingdom,04-05-2020,1291591,190584,14.76
United States,04-05-2020,7287969,1173257,16.1
Uruguay,01-05-2020,21939,747,3.4
Venezuela,24-04-2020,394125,318,0.08
Vietnam,02-05-2020,261004,270,0.1
Albania,26-04-2020,7279,726,9.97
Argentina,29-04-2020,56058,4285,7.64
Armenia,30-04-2020,21125,2066,9.78
Australia,30-04-2020,563641,6753,1.2
Austria,01-05-2020,264079,15461,5.85
Azerbaijan,30-04-2020,143079,1804,1.26
Bahrain,30-04-2020,129694,3040,2.34
Bangladesh,29-04-2020,59701,7103,11.9
Barbados,26-04-2020,1663,79,4.75
Belarus,27-04-2020,153800,11289,7.34
Belgium,25-04-2020,207813,46134,22.2
Bolivia,25-04-2020,5572,866,15.54
Bosnia and Herzegovina,30-04-2020,30793,1757,5.71
Brazil,20-04-2020,132467,40581,30.63
Bulgaria,29-04-2020,45208,1447,3.2
Burkina Faso,29-04-2020,1333,641,48.09
Cameroon,26-04-2020,6352,1672,26.32
Canada,30-04-2020,806449,53236,6.6
Chile,26-04-2020,155975,13331,8.55
Colombia,25-04-2020,81146,5142,6.34
Costa Rica,25-04-2020,12467,693,5.56
Croatia,26-04-2020,31622,2030,6.42
Cuba,29-04-2020,47347,1467,3.1
Czech Republic,29-04-2020,242088,7581,3.13
Democratic Republic of the Congo,30-04-2020,1733,500,28.85
Denmark,01-05-2020,214900,9509,4.42
Ecuador,30-04-2020,69054,24934,36.11
Egypt,29-04-2020,90000,5268,5.85
El Salvador,30-04-2020,24057,395,1.64
Estonia,29-04-2020,51185,1666,3.25
Finland,30-04-2020,93900,5051,5.38
France,21-04-2020,595154,117324,19.71
Germany,27-04-2020,2547052,157641,6.19
Ghana,28-04-2020,113497,2074,1.83
Greece,26-04-2020,64608,2517,3.9
Grenada,25-04-2020,175,18,10.29
Guinea,30-04-2020,6207,1495,24.09
Hungary,01-05-2020,76331,2863,3.75
Iceland,28-04-2020,47573,1797,3.78
India,01-05-2020,902654,35043,3.88
Indonesia,26-04-2020,56974,8882,15.59
Iran,27-04-2020,432329,91472,21.16
Ireland,28-04-2020,153054,19877,12.99
Israel,30-04-2020,378950,16004,4.22
Italy,30-04-2020,1979217,205463,10.38
Ivory Coast,26-04-2020,8292,1150,13.87
Jamaica,26-04-2020,3262,350,10.73
Japan,26-04-2020,164255,13852,8.43
Kazakhstan,28-04-2020,216276,3027,1.4
Kenya,30-04-2020,20268,396,1.95
Kosovo,28-04-2020,6705,790,11.78
Kyrgyzstan,27-04-2020,46627,695,1.49
Latvia,29-04-2020,54811,849,1.55
Lithuania,01-05-2020,132768,1399,1.05
Luxembourg,30-04-2020,42643,3784,8.87
Malawi,01-05-2020,774,37,4.78
Malaysia,30-04-2020,161504,6002,3.72
Malta,19-04-2020,24042,427,1.78
Mexico,25-04-2020,62334,12872,20.65
Montenegro,25-04-2020,6665,319,4.79
Morocco,30-04-2020,34841,4423,12.69
Nepal,29-04-2020,57189,57,0.1
Netherlands,25-04-2020,188214,37190,19.76
New Zealand,01-05-2020,139898,1132,0.81
Nigeria,26-04-2020,10918,1273,11.66
North Korea,17-04-2020,740,0,0
North Macedonia,19-04-2020,11870,1207,10.17
Norway,29-04-2020,172586,7710,4.47
Pakistan,29-04-2020,174160,15759,9.05
Palestine,24-04-2020,27800,484,1.74
Panama,25-04-2020,24304,5338,21.96
Peru,30-04-2020,318252,36976,11.62
Philippines,29-04-2020,104146,8212,7.89
Poland,25-04-2020,278994,11067,3.97
Portugal,30-04-2020,395771,25045,6.33
Qatar,30-04-2020,94500,13409,14.19
Romania,30-04-2020,175374,12240,6.98
Russia,30-04-2020,3723807,114431,3.07
Serbia,29-04-2020,78942,8724,11.05
Singapore,27-04-2020,99929,14423,14.43
Slovakia,30-04-2020,85992,1396,1.62
Slovenia,20-04-2020,42976,1355,3.15
South Africa,30-04-2020,207530,5647,2.72
South Korea,29-04-2020,605890,10761,1.78
Spain,27-04-2020,1345560,229422,17.05
Sweden,28-04-2020,119200,20133,16.89
Switzerland,29-04-2020,260500,29407,11.29
Taiwan[a],01-05-2020,63340,429,0.68
Tanzania,29-04-2020,652,480,73.62
Thailand,24-04-2020,50390,2854,5.66
Trinidad and Tobago,27-04-2020,1532,116,7.57
Tunisia,29-04-2020,22957,994,4.33
Turkey,30-04-2020,1033617,120204,11.63
Uganda,28-04-2020,27432,79,0.29
Ukraine,30-04-2020,111859,10406,9.3
United Arab Emirates,29-04-2020,1122000,11380,1.01
United Kingdom[b],30-04-2020,901905,171253,18.99
United States,30-04-2020,6233957,1061101,17.02
Uruguay,24-04-2020,15834,636,4.02
Venezuela,24-04-2020,394125,318,0.08
Vietnam,29-04-2020,213743,270,0.13
Albania,06-04-2020,2571,377,14.66
Argentina,03-04-2020,7385,1265,17.13
Armenia,05-04-2020,4666,822,17.62
Australia,06-04-2020,303536,5800,1.91
Australian Capital Territory,06-04-2020,5422,96,1.77
New South Wales,06-04-2020,124038,2637,2.13
Northern Territory,06-04-2020,2805,28,1
Queensland,06-04-2020,59226,921,1.56
South Australia,06-04-2020,33303,411,1.23
Tasmania,06-04-2020,3016,89,2.95
Victoria,06-04-2020,57000,1158,2.03
Western Australia,06-04-2020,18726,460,2.46
Austria,06-04-2020,111296,12072,10.85
Azerbaijan,01-04-2020,40000,584,1.46
Bahrain,03-04-2020,37996,668,1.76
Bangladesh,06-04-2020,3610,123,3.41
Barbados,01-04-2020,382,45,11.78
Belarus,06-04-2020,40000,700,1.75
Belgium,18-03-2020,18360,1486,8.09
Bolivia,19-03-2020,591,97,16.41
Bosnia and Herzegovina,05-04-2020,5934,688,11.59
Brazil,02-04-2020,54824,7910,14.43
Bulgaria,05-04-2020,15899,522,3.28
Canada,06-04-2020,345659,16666,4.82
Alberta,06-04-2020,65914,1348,2.05
British Columbia,06-04-2020,50350,1266,2.51
Manitoba,06-04-2020,13476,204,1.51
New Brunswick,06-04-2020,5613,103,1.84
Newfoundland and Labrador,06-04-2020,3776,226,5.99
Northwest Territories,06-04-2020,1262,5,0.4
Nova Scotia,06-04-2020,10511,263,2.5
Ontario,06-04-2020,78796,4347,5.52
Prince Edward Island,06-04-2020,1006,22,2.19
Quebec,06-04-2020,100113,8580,8.57
Saskatchewan,06-04-2020,14178,253,1.78
Yukon,06-04-2020,775,6,0.77
Chile,03-04-2020,44130,3737,8.47
Guangdong,20-02-2020,320000,1332,0.42
Hong Kong,31-03-2020,96709,714,0.74
Colombia,05-04-2020,25264,1485,5.88
Costa Rica,31-03-2020,3845,347,9.02
Croatia,05-04-2020,10874,1182,10.87
Czechia,05-04-2020,85014,4735,5.57
Denmark,06-04-2020,52936,4875,9.21
Ecuador,03-04-2020,10317,3368,32.65
Egypt,25-03-2020,25000,865,3.46
Estonia,06-04-2020,21866,1108,5.07
Finland,06-04-2020,32800,2176,6.63
France,02-04-2020,224254,54627,24.36
Germany,29-03-2020,918460,64906,7.07
Greece,30-03-2020,15961,1212,7.59
Grenada,01-04-2020,37,10,27.03
Hungary,06-04-2020,22282,744,3.34
Iceland,06-04-2020,27467,14562,53.02
India,06-04-2020,101068,4135,4.09
Indonesia,06-04-2020,13186,2491,18.89
Iran,22-03-2020,80000,21638,27.05
Ireland,30-03-2020,30213,3235,10.71
Israel,06-04-2020,117339,8796,7.5
Italy,06-04-2020,721732,132547,18.37
Emilia-Romagna,06-04-2020,72163,17556,24.33
Liguria,06-04-2020,15533,4549,29.29
Lombardy,06-04-2020,154989,51534,33.25
Marche,06-04-2020,15919,4614,28.98
Piedmont,06-04-2020,41123,12924,31.43
Tuscany,06-04-2020,52849,6001,11.35
Veneto,06-04-2020,146288,11588,7.92
Jamaica,01-04-2020,442,44,9.95
Japan,06-04-2020,46172,3654,7.91
Tokyo,06-04-2020,4484,1116,24.89
Kazakhstan,05-04-2020,35000,584,1.67
Kosovo,06-04-2020,2093,165,7.88
Kyrgyzstan,31-03-2020,8186,107,1.31
Latvia,06-04-2020,21453,542,2.53
Lithuania,07-04-2020,27807,880,3.16
Malaysia,06-04-2020,55566,3793,6.83
Malta,27-03-2020,4462,139,3.12
Mexico,04-04-2020,17184,1890,11
Montenegro,06-04-2020,1831,233,12.73
Nepal,05-04-2020,1656,9,0.54
Netherlands,02-04-2020,75415,15885,21.06
New Zealand,07-04-2020,42826,943,2.2
North Macedonia,05-04-2020,5493,570,10.38
Norway,03-04-2020,101986,5208,5.11
Pakistan,05-04-2020,35875,3277,9.13
Palestine,27-03-2020,5562,91,1.64
Panama,01-04-2020,7333,1317,17.96
Peru,27-03-2020,12669,852,6.73
Philippines,05-04-2020,5974,3246,54.34
Poland,06-04-2020,85467,4201,4.92
Portugal,31-03-2020,52086,7443,14.29
Romania,06-04-2020,40987,4057,9.9
Russia,06-04-2020,758000,6332,0.84
Moscow Oblast,06-04-2020,41999,387,0.92
Serbia,05-04-2020,7360,1908,25.92
Singapore,06-04-2020,65000,1309,2.01
Slovakia,04-04-2020,15155,485,3.2
Slovenia,03-04-2020,27109,989,3.65
South Africa,04-04-2020,53937,1585,2.94
South Korea,05-04-2020,461233,10237,2.22
Spain,21-03-2020,355000,24926,7.02
Sweden,31-03-2020,36900,4435,12.02
Switzerland,04-04-2020,153440,20278,13.22
Taiwan,07-04-2020,39011,376,0.96
Thailand,03-04-2020,23669,1978,8.36
Trinidad and Tobago,01-04-2020,595,90,15.13
Turkey,06-04-2020,202845,30217,14.9
Ukraine,06-04-2020,5864,1319,22.49
United Arab Emirates,03-04-2020,220000,1024,0.47
United Kingdom,06-04-2020,208837,51608,24.71
Scotland,06-04-2020,24036,3961,16.48
United States (unofficial),06-04-2020,1961953,363220,18.51
California,06-04-2020,143800,14336,9.97
Florida,06-04-2020,126048,13629,10.81
Illinois,06-04-2020,62942,12262,19.48
Louisiana,06-04-2020,69166,14867,21.49
Michigan,06-04-2020,41071,17221,41.93
New Jersey,06-04-2020,89032,41090,46.15
New York,06-04-2020,320811,130689,40.74
Texas,06-04-2020,85357,7276,8.52
Washington,04-04-2020,87918,7591,8.63
Uruguay,24-03-2020,1538,189,12.29
Venezuela,31-03-2020,1779,143,8.04
Vietnam,06-04-2020,94305,245,0.26
Albania,15-04-2020,4546,494,10.87
Argentina,11-04-2020,17850,2142,12
Armenia,11-04-2020,6477,967,14.93
Australia,15-04-2020,371224,6449,1.74
Australian Capital Territory,15-04-2020,6500,103,1.58
New South Wales,15-04-2020,147016,2886,1.96
Northern Territory,15-04-2020,3485,28,0.8
Queensland,15-04-2020,75506,999,1.32
South Australia,15-04-2020,37575,433,1.15
Tasmania,15-04-2020,4651,169,3.63
Victoria,15-04-2020,71992,1299,1.8
Western Australia,15-04-2020,24603,532,2.16
Austria,15-04-2020,156781,14269,9.1
Azerbaijan,01-04-2020,57097,926,1.62
Bahrain,10-04-2020,57717,925,1.6
Bangladesh,15-04-2020,14772,1231,8.33
Barbados,01-04-2020,381,45,11.81
Belarus,13-04-2020,67895,2919,4.3
Belgium,13-04-2020,112624,30589,27.16
Bolivia,11-04-2020,2189,275,12.56
Bosnia and Herzegovina,14-04-2020,12172,1065,8.75
Brazil,02-04-2020,54329,7910,14.56
Bulgaria,05-04-2020,15924,522,3.28
Canada,14-04-2020,462952,27063,5.85
Alberta,14-04-2020,82598,1870,2.26
British Columbia,14-04-2020,58591,1517,2.59
Manitoba,14-04-2020,17564,246,1.4
New Brunswick,13-04-2020,8184,116,1.42
Newfoundland and Labrador,13-04-2020,4907,244,4.97
Northwest Territories,13-04-2020,1458,5,0.34
Nova Scotia,13-04-2020,16051,474,2.95
Ontario,14-04-2020,112988,7953,7.04
Prince Edward Island,13-04-2020,1842,25,1.36
Quebec,14-04-2020,137435,14248,10.37
Saskatchewan,13-04-2020,19794,300,1.52
Yukon,13-04-2020,831,8,0.96
Chile,14-04-2020,87812,7917,9.02
Guangdong,20-02-2020,314352,1332,0.42
Hong Kong,07-04-2020,116356,936,0.8
Colombia,12-04-2020,41401,2776,6.71
Costa Rica,31-03-2020,3867,347,8.97
Croatia,07-04-2020,12303,1282,10.42
Czechia,14-04-2020,137316,6141,4.47
Denmark,14-04-2020,80488,6691,8.31
Ecuador,14-04-2020,25355,7603,29.99
Egypt,25-03-2020,25145,865,3.44
Estonia,15-04-2020,33965,1400,4.12
Finland,13-04-2020,45988,3064,6.66
France,07-04-2020,333950,87024,26.06
Germany,08-04-2020,1318451,100901,7.65
Greece,07-04-2020,28601,1832,6.41
Grenada,01-04-2020,37,10,27.03
Hungary,15-04-2020,37262,1579,4.24
Iceland,14-04-2020,36338,1720,4.73
India,14-04-2020,245469,10307,4.2
Indonesia,15-04-2020,33249,5136,15.45
Iran,13-04-2020,275489,73303,26.61
Ireland,06-04-2020,90632,11479,12.67
Israel,14-04-2020,183910,12046,6.55
Italy,15-04-2020,1117420,165155,14.78
Emilia-Romagna,15-04-2020,106139,21029,19.81
Liguria,13-04-2020,25794,5936,23.01
Lombardy,15-04-2020,221962,62153,28
Marche,15-04-2020,30328,5503,18.14
Piedmont,15-04-2020,75670,18229,24.09
Tuscany,15-04-2020,86367,7666,8.88
Veneto,15-04-2020,216338,14624,6.76
Jamaica,01-04-2020,446,44,9.87
Japan,15-04-2020,94542,8100,8.57
Tokyo,13-04-2020,6739,2158,32.02
Kazakhstan,15-04-2020,38438,1275,3.32
Kosovo,14-04-2020,3543,387,10.92
Kyrgyzstan,13-04-2020,24740,419,1.69
Latvia,09-04-2020,25440,589,2.32
Lithuania,15-04-2020,44725,1091,2.44
Malaysia,15-04-2020,87042,5072,5.83
Malta,11-04-2020,16009,370,2.31
Mexico,12-04-2020,36406,4661,12.8
Montenegro,15-04-2020,3684,288,7.82
Nepal,14-04-2020,5973,16,0.27
Netherlands,13-04-2020,128611,27419,21.32
New Zealand,14-04-2020,64280,1072,1.67
Nigeria,13-04-2020,4842,343,7.08
North Korea,02-04-2020,,0,
North Macedonia,11-04-2020,8050,828,10.29
Norway,10-04-2020,124327,6320,5.08
Pakistan,14-04-2020,72498,5988,8.26
Palestine,11-04-2020,17005,268,1.58
Panama,12-04-2020,15145,3400,22.45
Peru,14-04-2020,102177,10303,10.08
Philippines,14-04-2020,45199,5223,11.56
Poland,15-04-2020,156489,7408,4.73
Portugal,13-04-2020,163596,16934,10.35
Romania,15-04-2020,74818,7216,9.64
Russia,15-04-2020,1516914,24490,1.61
Moscow Oblast,14-04-2020,73698,2315,3.14
Serbia,15-04-2020,26272,4873,18.55
Singapore,07-04-2020,72586,1481,2.04
Slovakia,13-04-2020,29247,835,2.85
Slovenia,13-04-2020,35938,1231,3.43
South Africa,13-04-2020,82899,2272,2.74
South Korea,14-04-2020,528200,10564,2
Spain,14-04-2020,600015,172541,28.76
Sweden,15-04-2020,466518,74600,15.99
Switzerland,15-04-2020,202632,26336,13
Taiwan,15-04-2020,48608,395,0.81
Thailand,15-04-2020,35541,2643,7.44
Trinidad and Tobago,01-04-2020,595,90,15.13
Turkey,14-04-2020,443636,65111,14.68
Ukraine,15-04-2020,32054,3102,9.68
United Arab Emirates,08-04-2020,593091,2659,0.45
United Kingdom,15-04-2020,313732,98476,31.39
Scotland,14-04-2020,32749,6358,19.41
United States,14-04-2020,3155207,605243,19.18
California,14-04-2020,215294,23338,10.84
Florida,15-04-2020,212605,22081,10.39
Illinois,14-04-2020,110585,23247,21.02
Louisiana,14-04-2020,118416,21518,18.17
Michigan,13-04-2020,85914,25635,29.84
New Jersey,14-04-2020,139762,68824,49.24
New York,14-04-2020,499158,202208,40.51
Texas,14-04-2020,146559,14624,9.98
Washington,14-04-2020,122882,10694,8.7
Uruguay,24-03-2020,1550,189,12.19
Venezuela,31-03-2020,1773,143,8.07
Vietnam,15-04-2020,136170,267,0.2
Albania,09-05-2020,10268,856,8.34
Argentina,06-05-2020,72315,5020,6.94
Armenia,05-05-2020,25846,2619,10.13
Australia,10-05-2020,827872,6941,0.84
Austria,11-05-2020,319484,15815,4.95
Azerbaijan,08-05-2020,181530,2279,1.26
Bahrain,10-05-2020,182906,4856,2.65
Bangladesh,05-05-2020,92722,10929,11.79
Barbados,05-05-2020,2549,82,3.22
Belarus,08-05-2020,240146,21101,8.79
Belgium,10-05-2020,334255,53449,15.99
Bolivia,05-05-2020,8611,1681,19.52
Bosnia and Herzegovina,11-05-2020,42318,2141,5.06
Brazil,06-05-2020,735224,125218,17.03
Bulgaria,09-05-2020,56105,1911,3.41
Burkina Faso,05-05-2020,1333,672,50.41
Cameroon,10-05-2020,10268,2579,25.12
Canada,10-05-2020,1096126,68848,6.28
Chile,10-05-2020,280684,28866,10.28
Colombia,10-05-2020,151396,11063,7.31
Costa Rica,02-05-2020,13632,733,5.38
Croatia,10-05-2020,44886,2187,4.87
Cuba,08-05-2020,65509,1754,2.68
Cyprus,10-05-2020,74746,892,1.19
Czechia,10-05-2020,306409,8123,2.65
Denmark,10-05-2020,327719,10627,3.24
DR Congo,05-05-2020,2256,705,31.25
Ecuador,06-05-2020,81392,29420,36.15
Egypt,05-05-2020,90000,6813,7.57
El Salvador,04-05-2020,32030,587,1.83
Estonia,11-05-2020,63964,1741,2.72
Ethiopia,07-05-2020,28360,187,0.66
Finland,10-05-2020,123218,5984,4.86
France,26-04-2020,724574,143940,19.87
Germany,04-05-2020,2755770,164807,5.98
Ghana,07-05-2020,137924,3091,2.24
Greece,10-05-2020,98877,4015,4.06
Grenada,05-05-2020,1781,21,1.18
Guinea,06-05-2020,7369,1856,25.19
Hungary,11-05-2020,112165,3284,2.93
Iceland,09-05-2020,53260,1801,3.38
India,11-05-2020,1673688,67152,4.01
Indonesia,10-05-2020,108699,13645,12.55
Iran,05-05-2020,519543,99970,19.24
Iraq,07-05-2020,120604,2543,2.11
Ireland,04-05-2020,214761,21983,10.24
Israel,11-05-2020,461704,16492,3.57
Italy,09-05-2020,2514234,218268,8.68
Ivory Coast,10-05-2020,11278,1700,15.07
Jamaica,03-05-2020,5633,469,8.33
Japan,11-05-2020,218204,15798,7.24
Kazakhstan,06-05-2020,336480,4298,1.28
Kenya,10-05-2020,32097,672,2.09
Kosovo,09-05-2020,9734,870,8.94
Kyrgyzstan,05-05-2020,58030,843,1.45
Latvia,10-05-2020,76592,939,1.23
Lebanon,08-05-2020,48673,796,1.64
Lithuania,11-05-2020,186565,1485,0.8
Luxembourg,10-05-2020,55250,3886,7.03
Malawi,05-05-2020,961,41,4.27
Malaysia,10-05-2020,256937,6656,2.59
Malta,10-05-2020,42619,496,1.16
Mexico,10-05-2020,110977,35022,31.56
Montenegro,05-05-2020,8534,324,3.8
Morocco,11-05-2020,67741,6226,9.19
Mozambique,10-05-2020,3923,91,2.32
Myanmar,06-05-2020,9980,161,1.61
Nepal,06-05-2020,67066,99,0.15
Netherlands,05-05-2020,243277,41319,16.98
New Zealand,10-05-2020,190326,1144,0.6
Nigeria,11-05-2020,23835,4399,18.46
North Korea,17-04-2020,740,0,0
North Macedonia,05-05-2020,17544,1526,8.7
Norway,11-05-2020,202751,8106,4
Pakistan,09-05-2020,283517,29465,10.39
Palestine,07-05-2020,34511,547,1.59
Panama,06-05-2020,38014,7731,20.34
Paraguay,07-05-2020,13096,462,3.53
Peru,10-05-2020,504930,67307,13.33
Philippines,10-05-2020,173144,10794,6.23
Poland,11-05-2020,491216,16206,3.3
Portugal,09-05-2020,517660,27406,5.29
Qatar,10-05-2020,127769,22520,17.63
Romania,06-05-2020,217139,14107,6.5
Russia,11-05-2020,5636763,221344,3.93
Rwanda,07-05-2020,38834,271,0.7
Saudi Arabia,08-05-2020,418722,35432,8.46
Senegal,09-05-2020,20217,1709,8.45
Serbia,10-05-2020,140592,10114,7.19
Singapore,04-05-2020,175604,18778,10.69
Slovakia,10-05-2020,119859,1457,1.22
Slovenia,08-05-2020,63571,1463,2.3
South Africa,09-05-2020,324079,9420,2.91
South Korea,08-05-2020,645996,10822,1.68
Spain,07-05-2020,2467761,222857,9.03
Sudan,09-05-2020,1747,1164,66.63
Sweden,03-05-2020,148423,22455,15.13
Switzerland[b],09-05-2020,306223,30251,9.88
Taiwan[c],12-05-2020,67758,440,0.65
Tanzania,29-04-2020,652,480,73.62
Thailand,07-05-2020,89791,2992,3.33
Trinidad and Tobago,09-05-2020,2271,116,5.11
Tunisia,09-05-2020,32818,1032,3.14
Turkey,09-05-2020,1334411,137115,10.28
Uganda,09-05-2020,56767,116,0.2
Ukraine,09-05-2020,167107,14710,8.8
United Arab Emirates,09-05-2020,1433195,17417,1.22
United Kingdom,11-05-2020,1921770,223060,11.61
United States,10-05-2020,8987524,1322807,14.72
Uruguay,09-05-2020,27461,702,2.56
Uzbekistan,07-05-2020,371000,2298,0.62
Venezuela,06-05-2020,495730,379,0.08
Vietnam,10-05-2020,261004,288,0.11
Zimbabwe,10-05-2020,8244,34,0.41
Albania,05-05-2020,9266,820,8.85
Argentina,06-05-2020,72315,5020,6.94
Armenia,05-05-2020,25846,2619,10.13
Australia,06-05-2020,688656,6875,1
Austria,07-05-2020,297894,15665,5.26
Azerbaijan,05-05-2020,164481,2060,1.25
Bahrain,07-05-2020,164517,4131,2.51
Bangladesh,05-05-2020,92722,10929,11.79
Barbados,05-05-2020,2549,82,3.22
Belarus,05-05-2020,211369,18350,8.68
Belgium,03-05-2020,270857,50267,18.56
Bolivia,05-05-2020,8611,1681,19.52
Bosnia and Herzegovina,07-05-2020,38183,2036,5.33
Brazil,01-05-2020,735224,92109,12.53
Bulgaria,06-05-2020,52931,1811,3.42
Burkina Faso,05-05-2020,1333,672,50.41
Cameroon,05-05-2020,9254,2104,22.74
Canada,06-05-2020,1001958,63895,6.38
Chile,02-05-2020,199400,18435,9.25
Colombia,01-05-2020,108950,7006,6.43
Costa Rica,02-05-2020,13632,733,5.38
Croatia,04-05-2020,39040,2101,5.38
Cuba,03-05-2020,55542,1668,3
Cyprus,07-05-2020,69037,883,1.28
Czechia,06-05-2020,286821,7979,2.78
Denmark,07-05-2020,294083,10281,3.5
DR Congo,05-05-2020,2256,705,31.25
Ecuador,06-05-2020,81392,29420,36.15
Egypt,05-05-2020,90000,6813,7.57
El Salvador,04-05-2020,32030,587,1.83
Estonia,07-05-2020,60530,1720,2.84
Ethiopia,07-05-2020,28360,187,0.66
Finland,06-05-2020,111983,5673,5.07
France,26-04-2020,724574,143940,19.87
Germany,04-05-2020,2755770,164807,5.98
Ghana,07-05-2020,137924,3091,2.24
Greece,01-05-2020,77251,3746,4.85
Grenada,05-05-2020,1781,21,1.18
Guinea,06-05-2020,7369,1856,25.19
Hungary,07-05-2020,94036,3150,3.35
Iceland,06-05-2020,51663,1799,3.48
India,07-05-2020,1357413,52952,3.9
Indonesia,06-05-2020,92976,12438,13.38
Iran,05-05-2020,519543,99970,19.24
Ireland,04-05-2020,214761,21983,10.24
Israel,07-05-2020,432453,16346,3.78
Italy,06-05-2020,2310929,214457,9.28
Ivory Coast,05-05-2020,8292,1432,17.27
Jamaica,03-05-2020,5633,469,8.33
Japan,06-05-2020,188927,15354,8.13
Kazakhstan,06-05-2020,336480,4298,1.28
Kenya,05-05-2020,24997,490,1.96
Kosovo,04-05-2020,8541,855,10.01
Kyrgyzstan,05-05-2020,58030,843,1.45
Latvia,06-05-2020,68627,900,1.31
Lithuania,07-05-2020,164088,1433,0.87
Luxembourg,07-05-2020,51883,3859,7.44
Malawi,05-05-2020,961,41,4.27
Malaysia,05-05-2020,213220,6383,2.99
Malta,05-05-2020,36945,482,1.3
Mexico,05-05-2020,89565,26025,29.06
Montenegro,05-05-2020,8534,324,3.8
Morocco,06-05-2020,52100,5382,10.33
Mozambique,05-05-2020,3041,81,2.66
Myanmar,06-05-2020,9980,161,1.61
Nepal,06-05-2020,67066,99,0.15
Netherlands,05-05-2020,243277,41319,16.98
New Zealand,08-05-2020,175835,1141,0.65
Nigeria,06-05-2020,21208,2950,13.91
North Korea,17-04-2020,740,0,0
North Macedonia,05-05-2020,17544,1526,8.7
Norway,07-05-2020,191946,7995,4.17
Pakistan,06-05-2020,244778,24073,9.83
Palestine,07-05-2020,34511,547,1.59
Panama,06-05-2020,38014,7731,20.34
Paraguay,07-05-2020,13096,462,3.53
Peru,07-05-2020,448020,58526,13.06
Philippines,05-05-2020,140134,9684,6.91
Poland,07-05-2020,425994,14898,3.5
Portugal,07-05-2020,485925,26715,5.5
Qatar,04-05-2020,106795,16191,15.16
Romania,06-05-2020,217139,14107,6.5
Russia,06-05-2020,4803192,177160,3.69
Rwanda,07-05-2020,38834,271,0.7
Saudi Arabia,07-05-2020,405685,33731,8.31
Serbia,05-05-2020,111278,9677,8.7
Singapore,04-05-2020,123525,18778,15.2
Slovakia,06-05-2020,109767,1445,1.32
Slovenia,04-05-2020,58842,1455,2.47
South Africa,07-05-2020,279379,7808,2.79
South Korea,07-05-2020,640959,10810,1.69
Spain,30-04-2020,1932455,239369,12.39
Sweden,05-05-2020,148500,23216,15.63
Switzerland,03-05-2020,280220,29905,10.67
Taiwan[a],08-05-2020,66460,440,0.66
Tanzania,29-04-2020,652,480,73.62
Thailand,02-05-2020,72745,2966,4.08
Trinidad and Tobago,27-04-2020,1532,116,7.57
Tunisia,06-05-2020,25165,1022,4.06
Turkey,06-05-2020,1234724,131744,10.67
Uganda,05-05-2020,41478,97,0.23
Ukraine,07-05-2020,151569,13691,9.03
United Arab Emirates,02-05-2020,1200000,14163,1.18
United Kingdom,07-05-2020,1534533,206715,13.47
United States,07-05-2020,8108684,1248137,15.39
Uruguay,01-05-2020,21939,747,3.4
Venezuela,06-05-2020,495730,379,0.08
Vietnam,07-05-2020,261004,271,0.1
Zimbabwe,07-05-2020,8244,34,0.41
Albania,26-04-2020,7279,726,9.97
Argentina,20-04-2020,36611,3031,8.28
Armenia,25-04-2020,17342,1677,9.67
Australia,24-04-2020,482420,6676,1.38
Austria,26-04-2020,227631,15140,6.65
Azerbaijan,24-04-2020,120479,1617,1.34
Bahrain,24-04-2020,107273,2510,2.34
Bangladesh,25-04-2020,42812,4998,11.67
Barbados,23-04-2020,1222,76,6.22
Belarus,25-04-2020,139295,9590,6.88
Belgium,25-04-2020,197463,45325,22.95
Bolivia,24-04-2020,5425,807,14.88
Bosnia and Herzegovina,24-04-2020,22768,1417,6.22
Brazil,20-04-2020,524536,40581,7.74
Bulgaria,22-04-2020,27000,1290,4.78
Canada,25-04-2020,660108,43877,6.65
Chile,24-04-2020,142267,12306,8.65
Colombia,19-04-2020,71500,4356,6.09
Costa Rica,25-04-2020,12467,693,5.56
Croatia,25-04-2020,30913,2016,6.52
Czechia,24-04-2020,210705,7273,3.45
Denmark,25-04-2020,144586,8634,5.97
Ecuador,23-04-2020,34420,11183,32.49
Egypt,17-04-2020,55000,2844,5.17
Estonia,24-04-2020,46281,1605,3.47
Finland,25-04-2020,77779,4475,5.75
France,19-04-2020,457287,102358,22.38
Germany,21-04-2020,2072669,155773,7.52
Greece,24-04-2020,61407,3459,5.63
Grenada,16-04-2020,92,14,15.22
Hungary,24-04-2020,58251,2383,4.09
Iceland,25-04-2020,45971,1790,3.89
India,26-04-2020,625309,26496,4.24
Indonesia,25-04-2020,52541,8607,16.38
Iran,25-04-2020,410075,89328,21.78
Ireland,20-04-2020,111584,16040,14.37
Israel,25-04-2020,323160,15235,4.71
Italy,25-04-2020,1707743,195351,11.44
Jamaica,17-04-2020,1516,163,10.75
Japan,25-04-2020,147454,12829,8.7
Kazakhstan,20-04-2020,102859,1775,1.73
Kosovo,25-04-2020,6182,731,11.82
Kyrgyzstan,25-04-2020,44127,665,1.51
Latvia,25-04-2020,45743,804,1.76
Lithuania,26-04-2020,104488,1438,1.38
Luxembourg,24-04-2020,37782,3695,9.78
Malaysia,26-04-2020,131491,5780,4.4
Malta,19-04-2020,24042,427,1.78
Mexico,25-04-2020,62334,12872,20.65
Montenegro,25-04-2020,6665,319,4.79
Nepal,25-04-2020,49336,49,0.1
Netherlands,25-04-2020,188214,37190,19.76
New Zealand,26-04-2020,120981,1121,0.93
Nigeria,24-04-2020,10061,981,9.75
North Korea,22-04-2020,740,0,0
North Macedonia,19-04-2020,11870,1207,10.17
Norway,23-04-2020,155125,7408,4.78
Pakistan,20-04-2020,111886,9216,8.24
Palestine,24-04-2020,27800,484,1.74
Panama,25-04-2020,24304,5338,21.96
Peru,25-04-2020,218195,25331,11.61
Philippines,24-04-2020,81292,7192,8.85
Poland,25-04-2020,278994,11067,3.97
Portugal,23-04-2020,300525,22353,7.44
Romania,26-04-2020,136518,11036,8.08
Russia,25-04-2020,2877699,80949,2.81
Serbia,20-04-2020,41812,6630,15.86
Singapore,20-04-2020,82644,8014,9.7
Slovakia,25-04-2020,70928,1379,1.94
Slovenia,20-04-2020,42976,1355,3.15
South Africa,25-04-2020,161004,4361,2.71
South Korea,25-04-2020,595161,10718,1.8
Spain,13-04-2020,930230,169496,18.22
Sweden,21-04-2020,94500,15322,16.21
Switzerland,22-04-2020,230946,28268,12.24
Taiwan[a],26-04-2020,60459,429,0.71
Thailand,24-04-2020,50390,2854,5.66
Trinidad and Tobago,25-04-2020,1501,115,7.66
Turkey,25-04-2020,868565,107773,12.41
Ukraine,26-04-2020,89373,8617,9.64
United Arab Emirates,23-04-2020,898000,8756,0.98
United Kingdom[b],25-04-2020,640792,148377,23.16
United States,25-04-2020,5189950,931698,17.95
Uruguay,24-04-2020,15834,636,4.02
Venezuela[c],24-04-2020,394125,318,0.08
Vietnam,26-04-2020,212142,270,0.13
Argentina,27-03-2020,2847,589,20.69
Armenia,25-03-2020,1580,265,16.77
Australia,31-03-2020,245623,4559,1.86
Austria,29-03-2020,46441,8536,18.38
Azerbaijan,30-03-2020,30000,273,0.91
Bahrain,27-03-2020,30506,227,0.74
Bangladesh,29-03-2020,1076,48,4.46
Belarus,30-03-2020,30000,152,0.51
Belgium,18-03-2020,18360,1486,8.09
Bolivia,19-03-2020,591,97,16.41
Bosnia and Herzegovina,30-03-2020,2603,368,14.14
Brazil,18-03-2020,45708,428,0.94
Canada,30-03-2020,225705,7424,3.29
Canada:  Alberta,30-03-2020,46057,690,1.5
Canada:  British Columbia,30-03-2020,42028,970,2.31
Canada:  Manitoba,30-03-2020,8550,96,1.12
Canada:  New Brunswick,30-03-2020,3234,68,2.1
Canada:  Newfoundland and Labrador,30-03-2020,2333,135,5.79
Canada:  Northwest Territories,30-03-2020,833,1,0.12
Canada:  Nova Scotia,30-03-2020,5172,127,2.46
Canada:  Ontario,30-03-2020,48461,1706,3.52
Canada:  Prince Edward Island,30-03-2020,608,18,2.96
Canada:  Quebec,30-03-2020,59715,3430,5.74
Canada:  Saskatchewan,30-03-2020,9311,176,1.89
Canada:  Yukon,30-03-2020,598,5,0.84
Chile,27-03-2020,32096,2449,7.63
China:  Guangdong,20-02-2020,320000,82276,25.71
Colombia,29-03-2020,12216,702,5.75
Costa Rica,27-03-2020,3046,263,8.63
Croatia,30-03-2020,6404,860,13.43
Czechia,30-03-2020,48811,3001,6.15
Denmark,31-03-2020,28230,2994,10.61
Ecuador,29-03-2020,6615,1835,27.74
Estonia,31-03-2020,12401,745,6.01
Finland,28-03-2020,18000,1163,6.46
France,24-03-2020,101046,20068,19.86
Germany,22-03-2020,483295,36508,7.55
Greece,30-03-2020,15961,1212,7.59
Grenada,19-03-2020,18,0,0
Hong Kong,30-03-2020,90000,682,0.76
Hungary,30-03-2020,13301,447,3.36
Iceland,30-03-2020,16484,1086,6.59
India,31-03-2020,42788,1251,2.92
Indonesia,30-03-2020,6534,1414,21.64
Iran,22-03-2020,80000,21638,27.05
Ireland,24-03-2020,17992,1329,7.39
Israel,30-03-2020,66461,4372,6.58
Italy,30-03-2020,477359,101739,21.31
Italy:  Emilia-Romagna,27-03-2020,47798,11588,24.24
Italy:  Liguria,27-03-2020,7804,2696,34.55
Italy:  Lombardy,27-03-2020,95860,37298,38.91
Italy:  Marche,27-03-2020,9060,3196,35.28
Italy:  Piedmont,27-03-2020,19705,7092,35.99
Italy:  Tuscany,27-03-2020,23746,3450,14.53
Italy:  Veneto,30-03-2020,99941,8724,8.73
Jamaica,27-03-2020,250,30,12
Japan,31-03-2020,32497,1953,6.01
Japan:  Tokyo,27-03-2020,2269,299,13.18
Kazakhstan,13-03-2020,5093,,
Kyrgyzstan,31-03-2020,8186,107,1.31
Latvia,30-03-2020,14313,376,2.63
Lithuania,31-03-2020,11280,533,4.73
Malaysia,27-03-2020,24168,2161,8.94
Malta,27-03-2020,4462,139,3.12
Mexico,28-03-2020,8552,993,11.61
Montenegro,30-03-2020,834,105,12.59
Nepal,30-03-2020,993,5,0.5
Netherlands,26-03-2020,46810,7705,16.46
New Zealand,31-03-2020,21384,600,2.81
North Macedonia,29-03-2020,3126,285,9.12
Norway,29-03-2020,85136,4102,4.82
Pakistan,30-03-2020,14748,1625,11.02
Palestine,16-03-2020,2519,,
Panama,27-03-2020,4856,674,13.88
Peru,27-03-2020,12669,852,6.73
Philippines,31-03-2020,3938,2084,52.92
Poland,31-03-2020,51419,2132,4.15
Portugal,29-03-2020,38042,5962,15.67
Romania,31-03-2020,24654,2245,9.11
Russia,30-03-2020,536669,1836,0.34
Serbia,30-03-2020,3084,785,25.45
Singapore,25-03-2020,39000,558,1.43
Slovakia,29-03-2020,7532,336,4.46
Slovenia,28-03-2020,20753,737,3.55
South Africa,29-03-2020,35593,1280,3.6
South Korea,31-03-2020,410564,9786,2.38
Spain,21-03-2020,355000,24926,7.02
Sweden,25-03-2020,24500,2510,10.24
Switzerland,29-03-2020,111000,14336,12.92
Taiwan,31-03-2020,31800,322,1.01
Thailand,30-03-2020,17829,1524,8.55
Trinidad and Tobago,27-03-2020,453,66,14.57
Turkey,30-03-2020,76981,10827,14.06
Ukraine,30-03-2020,2264,480,21.2
United Arab Emirates,29-03-2020,220000,570,0.26
United Kingdom,29-03-2020,127737,19522,15.28
United States (unofficial tracking),30-03-2020,1010236,160530,15.89
United States:  California,30-03-2020,83800,5763,6.88
United States:  Florida,30-03-2020,56702,5704,10.06
United States:  Louisiana,30-03-2020,34104,4025,11.8
United States:  New York,30-03-2020,186468,66497,35.66
United States:  New Jersey,30-03-2020,35602,13386,37.6
United States:  Michigan,30-03-2020,17379,5486,31.57
United States:  Texas,30-03-2020,35880,2877,8.02
United States:  Washington,29-03-2020,65462,4896,7.48
Uruguay,24-03-2020,1538,189,12.29
Vietnam,31-03-2020,35808,207,0.58
